2/12/2020,2/12/2020 9:46,2/12/2020 9:46,1512261910
2/12/2020,2/12/2020 9:46,2/12/2020 9:46,1512283033
2/12/2020,2/12/2020 9:46,2/12/2020 9:46,1512479026
2/12/2020,2/12/2020 9:47,2/12/2020 9:47,1510068235
2/12/2020,2/12/2020 9:47,2/12/2020 9:47,1510163250
2/12/2020,2/12/2020 9:47,2/12/2020 9:47,1610058392
2/12/2020,2/12/2020 9:47,2/12/2020 9:47,1510192484
2/12/2020,2/12/2020 9:47,2/12/2020 9:47,1510188928
2/12/2020,2/12/2020 9:47,2/12/2020 9:47,1510192490
2/12/2020,2/12/2020 9:47,2/12/2020 9:47,1810007257
2/12/2020,2/12/2020 9:47,2/12/2020 9:47,1512277583
2/12/2020,2/12/2020 9:47,2/12/2020 9:47,1610012446
2/12/2020,2/12/2020 9:47,2/12/2020 9:47,1610041136
2/12/2020,2/12/2020 9:47,2/12/2020 9:47,1910027039
2/12/2020,2/12/2020 9:47,2/12/2020 9:47,1810007235
2/12/2020,2/12/2020 9:47,2/12/2020 9:47,1512277580
2/12/2020,2/12/2020 9:47,2/12/2020 9:47,1710001580
2/12/2020,2/12/2020 9:47,2/12/2020 9:47,1510195773
2/12/2020,2/12/2020 9:47,2/12/2020 9:47,1710014380
2/12/2020,2/12/2020 9:48,2/12/2020 9:48,1710033915
2/12/2020,2/12/2020 9:48,2/12/2020 9:48,1610034758
2/12/2020,2/12/2020 9:48,2/12/2020 9:48,1610036326
2/12/2020,2/12/2020 9:48,2/12/2020 9:48,1812013303
2/12/2020,2/12/2020 9:48,2/12/2020 9:48,1510091464
2/12/2020,2/12/2020 9:48,2/12/2020 9:48,1510091710
2/12/2020,2/12/2020 9:48,2/12/2020 9:48,1510105302
2/12/2020,2/12/2020 9:48,2/12/2020 9:48,1710044242
2/12/2020,2/12/2020 9:48,2/12/2020 9:48,1510128329
2/12/2020,2/12/2020 9:48,2/12/2020 9:48,1510211245
2/12/2020,2/12/2020 9:48,2/12/2020 9:48,1510148090
2/12/2020,2/12/2020 9:48,2/12/2020 9:48,1510070997
2/12/2020,2/12/2020 9:48,2/12/2020 9:48,1510068396
2/12/2020,2/12/2020 9:48,2/12/2020 9:48,1510070992
2/12/2020,2/12/2020 9:48,2/12/2020 9:48,1510125653
2/12/2020,2/12/2020 9:48,2/12/2020 9:48,1810007822
2/12/2020,2/12/2020 9:49,2/12/2020 9:49,1812003834
2/12/2020,2/12/2020 9:49,2/12/2020 9:49,1910027713
2/12/2020,2/12/2020 9:49,2/12/2020 9:49,1713103215
2/12/2020,2/12/2020 9:49,2/12/2020 9:49,1710000094
2/12/2020,2/12/2020 9:49,2/12/2020 9:49,1512286360
2/12/2020,2/12/2020 9:49,2/12/2020 9:49,1510087642
2/12/2020,2/12/2020 9:49,2/12/2020 9:49,1510127946
2/12/2020,2/12/2020 9:49,2/12/2020 9:49,1510210726
2/12/2020,2/12/2020 9:49,2/12/2020 9:49,1610042507
2/12/2020,2/12/2020 9:50,2/12/2020 9:50,1710072327
2/12/2020,2/12/2020 9:50,2/12/2020 9:50,1610032410
2/12/2020,2/12/2020 9:50,2/12/2020 9:50,1810007863
2/12/2020,2/12/2020 9:50,2/12/2020 9:50,1510169310
2/12/2020,2/12/2020 9:50,2/12/2020 9:50,1512297108
2/12/2020,2/12/2020 9:50,2/12/2020 9:50,1810006156
2/12/2020,2/12/2020 9:50,2/12/2020 9:50,1510094033
2/12/2020,2/12/2020 9:50,2/12/2020 9:50,1510093985
2/12/2020,2/12/2020 9:51,2/12/2020 9:51,1512298608
2/12/2020,2/12/2020 9:51,2/12/2020 9:51,1510191978
2/12/2020,2/12/2020 9:51,2/12/2020 9:51,1512296131
2/12/2020,2/12/2020 9:51,2/12/2020 9:51,1512592106
2/12/2020,2/12/2020 9:51,2/12/2020 9:51,1512479028
2/12/2020,2/12/2020 9:52,2/12/2020 9:52,1710000206
2/12/2020,2/12/2020 9:52,2/12/2020 9:52,1512156328
2/12/2020,2/12/2020 9:52,2/12/2020 9:52,1810008576
2/12/2020,2/12/2020 9:52,2/12/2020 9:52,1510150736
2/12/2020,2/12/2020 9:52,2/12/2020 9:52,1610041673
2/12/2020,2/12/2020 9:52,2/12/2020 9:52,1810007900
2/12/2020,2/12/2020 9:52,2/12/2020 9:52,1610005907
2/12/2020,2/12/2020 9:52,2/12/2020 9:52,1810007881
2/12/2020,2/12/2020 9:52,2/12/2020 9:52,1610020699
2/12/2020,2/12/2020 9:52,2/12/2020 9:52,1711001070
2/12/2020,2/12/2020 9:53,2/12/2020 9:53,1510123155
2/12/2020,2/12/2020 9:53,2/12/2020 9:53,1510198385
2/12/2020,2/12/2020 9:53,2/12/2020 9:53,1810007998
2/12/2020,2/12/2020 9:53,2/12/2020 9:53,1710001857
2/12/2020,2/12/2020 9:53,2/12/2020 9:53,1510131768
2/12/2020,2/12/2020 9:53,2/12/2020 9:53,1810011621
2/12/2020,2/12/2020 9:53,2/12/2020 9:53,1810000422
2/12/2020,2/12/2020 9:53,2/12/2020 9:53,1510162865
2/12/2020,2/12/2020 9:53,2/12/2020 9:53,1810011597
2/12/2020,2/12/2020 9:53,2/12/2020 9:53,1510099415
2/12/2020,2/12/2020 9:54,2/12/2020 9:54,1510143534
2/12/2020,2/12/2020 9:54,2/12/2020 9:54,1510176389
2/12/2020,2/12/2020 9:54,2/12/2020 9:54,1610012974
2/12/2020,2/12/2020 9:54,2/12/2020 9:54,1510170773
2/12/2020,2/12/2020 9:54,2/12/2020 9:54,1810007890
2/12/2020,2/12/2020 9:54,2/12/2020 9:54,1810000417
2/12/2020,2/12/2020 9:54,2/12/2020 9:54,1510142248
2/12/2020,2/12/2020 9:54,2/12/2020 9:54,1510150785
2/12/2020,2/12/2020 9:54,2/12/2020 9:54,1510031054
2/12/2020,2/12/2020 9:54,2/12/2020 9:54,1510127443
2/12/2020,2/12/2020 9:55,2/12/2020 9:55,1510148588
2/12/2020,2/12/2020 9:55,2/12/2020 9:55,1512643862
2/12/2020,2/12/2020 9:55,2/12/2020 9:55,1610067512
2/12/2020,2/12/2020 9:55,2/12/2020 9:55,1810002631
2/12/2020,2/12/2020 9:55,2/12/2020 9:55,1513225251
2/12/2020,2/12/2020 9:56,2/12/2020 9:56,1810011717
2/12/2020,2/12/2020 9:56,2/12/2020 9:56,1510145734
2/12/2020,2/12/2020 9:57,2/12/2020 9:57,1510143170
2/12/2020,2/12/2020 9:57,2/12/2020 9:57,1510153430
2/12/2020,2/12/2020 9:57,2/12/2020 9:57,1510103735
2/12/2020,2/12/2020 9:57,2/12/2020 9:57,1512352319
2/12/2020,2/12/2020 9:57,2/12/2020 9:57,1810011575
2/12/2020,2/12/2020 9:57,2/12/2020 9:57,1510192472
2/12/2020,2/12/2020 9:58,2/12/2020 9:58,1810003849
2/12/2020,2/12/2020 9:58,2/12/2020 9:58,1510093979
2/12/2020,2/12/2020 9:58,2/12/2020 9:58,1510136828
2/12/2020,2/12/2020 9:58,2/12/2020 9:58,1510173223
2/12/2020,2/12/2020 9:58,2/12/2020 9:58,1610009852
2/12/2020,2/12/2020 9:58,2/12/2020 9:58,1810000396
2/12/2020,2/12/2020 9:58,2/12/2020 9:58,1510069278
2/12/2020,2/12/2020 9:59,2/12/2020 9:59,1510078736
2/12/2020,2/12/2020 9:59,2/12/2020 9:59,1510071876
2/12/2020,2/12/2020 9:59,2/12/2020 9:59,1510096488
2/12/2020,2/12/2020 9:59,2/12/2020 9:59,1510154117
2/12/2020,2/12/2020 9:59,2/12/2020 9:59,1510066554
2/12/2020,2/12/2020 9:59,2/12/2020 9:59,1510073490
2/12/2020,2/12/2020 9:59,2/12/2020 9:59,1512502542
2/12/2020,2/12/2020 10:00,2/12/2020 10:00,1610020636
2/12/2020,2/12/2020 10:00,2/12/2020 10:00,1510189572
2/12/2020,2/12/2020 10:00,2/12/2020 10:00,1510091772
2/12/2020,2/12/2020 10:00,2/12/2020 10:00,1512275163
2/12/2020,2/12/2020 10:00,2/12/2020 10:00,1910027679
2/12/2020,2/12/2020 10:00,2/12/2020 10:00,1510130830
2/12/2020,2/12/2020 10:00,2/12/2020 10:00,1610033377
2/12/2020,2/12/2020 10:00,2/12/2020 10:00,1510087043
2/12/2020,2/12/2020 10:01,2/12/2020 10:01,1512608950
2/12/2020,2/12/2020 10:01,2/12/2020 10:01,1510094014
2/12/2020,2/12/2020 10:01,2/12/2020 10:01,1510126375
2/12/2020,2/12/2020 10:01,2/12/2020 10:01,1510197949
2/12/2020,2/12/2020 10:02,2/12/2020 10:02,1610075869
2/12/2020,2/12/2020 10:02,2/12/2020 10:02,1510022197
2/12/2020,2/12/2020 10:02,2/12/2020 10:02,1510135634
2/12/2020,2/12/2020 10:02,2/12/2020 10:02,1510071700
2/12/2020,2/12/2020 10:02,2/12/2020 10:02,1510069132
2/12/2020,2/12/2020 10:02,2/12/2020 10:02,1510202189
2/12/2020,2/12/2020 10:02,2/12/2020 10:02,1510070246
2/12/2020,2/12/2020 10:02,2/12/2020 10:02,1510184960
2/12/2020,2/12/2020 10:02,2/12/2020 10:02,1510106734
2/12/2020,2/12/2020 10:03,2/12/2020 10:03,1612006102
2/12/2020,2/12/2020 10:03,2/12/2020 10:03,1712019836
2/12/2020,2/12/2020 10:03,2/12/2020 10:03,1510075774
2/12/2020,2/12/2020 10:03,2/12/2020 10:03,1510095923
2/12/2020,2/12/2020 10:05,2/12/2020 10:05,1510167788
2/12/2020,2/12/2020 10:05,2/12/2020 10:05,1510104775
2/12/2020,2/12/2020 10:05,2/12/2020 10:05,1510167242
2/12/2020,2/12/2020 10:05,2/12/2020 10:05,1510187759
2/12/2020,2/12/2020 10:06,2/12/2020 10:06,1510141352
2/12/2020,2/12/2020 10:06,2/12/2020 10:06,1510093997
2/12/2020,2/12/2020 10:06,2/12/2020 10:06,1510143579
2/12/2020,2/12/2020 10:06,2/12/2020 10:06,1510076160
2/12/2020,2/12/2020 10:06,2/12/2020 10:06,1810008651
2/12/2020,2/12/2020 10:06,2/12/2020 10:06,1510152573
2/12/2020,2/12/2020 10:06,2/12/2020 10:06,1510169725
2/12/2020,2/12/2020 10:06,2/12/2020 10:06,1510144759
2/12/2020,2/12/2020 10:06,2/12/2020 10:06,1510075156
2/12/2020,2/12/2020 10:06,2/12/2020 10:06,1610011433
2/12/2020,2/12/2020 10:06,2/12/2020 10:06,1810000028
2/12/2020,2/12/2020 10:06,2/12/2020 10:06,1610033828
2/12/2020,2/12/2020 10:06,2/12/2020 10:06,1510177938
2/12/2020,2/12/2020 10:06,2/12/2020 10:06,1510151084
2/12/2020,2/12/2020 10:07,2/12/2020 10:07,1610067510
2/12/2020,2/12/2020 10:07,2/12/2020 10:07,1510110074
2/12/2020,2/12/2020 10:07,2/12/2020 10:07,1610075549
2/12/2020,2/12/2020 10:07,2/12/2020 10:07,1510126435
2/12/2020,2/12/2020 10:07,2/12/2020 10:07,1610068004
2/12/2020,2/12/2020 10:07,2/12/2020 10:07,1610052934
2/12/2020,2/12/2020 10:07,2/12/2020 10:07,1510177001
2/12/2020,2/12/2020 10:07,2/12/2020 10:07,1510167907
2/12/2020,2/12/2020 10:07,2/12/2020 10:07,1910028747
2/12/2020,2/12/2020 10:08,2/12/2020 10:08,1510069251
2/12/2020,2/12/2020 10:08,2/12/2020 10:08,1510144720
2/12/2020,2/12/2020 10:08,2/12/2020 10:08,1710029076
2/12/2020,2/12/2020 10:08,2/12/2020 10:08,1610020689
2/12/2020,2/12/2020 10:08,2/12/2020 10:08,1510159504
2/12/2020,2/12/2020 10:08,2/12/2020 10:08,1510125138
2/12/2020,2/12/2020 10:08,2/12/2020 10:08,1510140611
2/12/2020,2/12/2020 10:08,2/12/2020 10:08,1610030090
2/12/2020,2/12/2020 10:08,2/12/2020 10:08,1510148602
2/12/2020,2/12/2020 10:08,2/12/2020 10:08,1510023530
2/12/2020,2/12/2020 10:08,2/12/2020 10:08,1610068000
2/12/2020,2/12/2020 10:09,2/12/2020 10:09,1510122317
2/12/2020,2/12/2020 10:09,2/12/2020 10:09,1510123261
2/12/2020,2/12/2020 10:09,2/12/2020 10:09,1610049821
2/12/2020,2/12/2020 10:09,2/12/2020 10:09,1810013453
2/12/2020,2/12/2020 10:09,2/12/2020 10:09,1810008601
2/12/2020,2/12/2020 10:09,2/12/2020 10:09,1811067905
2/12/2020,2/12/2020 10:11,2/12/2020 10:11,1510213730
2/12/2020,2/12/2020 10:12,2/12/2020 10:12,1710005358
2/12/2020,2/12/2020 10:12,2/12/2020 10:12,1710005527
2/12/2020,2/12/2020 10:12,2/12/2020 10:12,1510192025
2/12/2020,2/12/2020 10:12,2/12/2020 10:12,1610054410
2/12/2020,2/12/2020 10:12,2/12/2020 10:12,1510150107
2/12/2020,2/12/2020 10:13,2/12/2020 10:13,1710001885
2/12/2020,2/12/2020 10:13,2/12/2020 10:13,1512031036
2/12/2020,2/12/2020 10:13,2/12/2020 10:13,1510167913
2/12/2020,2/12/2020 10:13,2/12/2020 10:13,1512203841
2/12/2020,2/12/2020 10:14,2/12/2020 10:14,1610030058
2/12/2020,2/12/2020 10:14,2/12/2020 10:14,1710074142
2/12/2020,2/12/2020 10:14,2/12/2020 10:14,1510091233
2/12/2020,2/12/2020 10:14,2/12/2020 10:14,1510129842
2/12/2020,2/12/2020 10:14,2/12/2020 10:14,1510190231
2/12/2020,2/12/2020 10:15,2/12/2020 10:15,1810001525
2/12/2020,2/12/2020 10:15,2/12/2020 10:15,1512026008
2/12/2020,2/12/2020 10:15,2/12/2020 10:15,1510075888
2/12/2020,2/12/2020 10:15,2/12/2020 10:15,1510197092
2/12/2020,2/12/2020 10:16,2/12/2020 10:16,1510195472
2/12/2020,2/12/2020 10:16,2/12/2020 10:16,1610077226
2/12/2020,2/12/2020 10:16,2/12/2020 10:16,1510161100
2/12/2020,2/12/2020 10:16,2/12/2020 10:16,1510209467
2/12/2020,2/12/2020 10:17,2/12/2020 10:17,1510166652
2/12/2020,2/12/2020 10:17,2/12/2020 10:17,1510213362
2/12/2020,2/12/2020 10:17,2/12/2020 10:17,1610032748
2/12/2020,2/12/2020 10:18,2/12/2020 10:18,1510169665
2/12/2020,2/12/2020 10:18,2/12/2020 10:18,1510184701
2/12/2020,2/12/2020 10:18,2/12/2020 10:18,1510208635
2/12/2020,2/12/2020 10:19,2/12/2020 10:19,1510151787
2/12/2020,2/12/2020 10:19,2/12/2020 10:19,1510196296
2/12/2020,2/12/2020 10:19,2/12/2020 10:19,1510202000
2/12/2020,2/12/2020 10:19,2/12/2020 10:19,1510184883
2/12/2020,2/12/2020 10:19,2/12/2020 10:19,1810007294
2/12/2020,2/12/2020 10:20,2/12/2020 10:20,1610015407
2/12/2020,2/12/2020 10:20,2/12/2020 10:20,1513165587
2/12/2020,2/12/2020 10:20,2/12/2020 10:20,1510207717
2/12/2020,2/12/2020 10:20,2/12/2020 10:20,1510202714
2/12/2020,2/12/2020 10:20,2/12/2020 10:20,1610030694
2/12/2020,2/12/2020 10:20,2/12/2020 10:20,1810007191
2/12/2020,2/12/2020 10:20,2/12/2020 10:20,1510220390
2/12/2020,2/12/2020 10:21,2/12/2020 10:21,1810021011
2/12/2020,2/12/2020 10:21,2/12/2020 10:21,1610010720
2/12/2020,2/12/2020 10:21,2/12/2020 10:21,1610028303
2/12/2020,2/12/2020 10:21,2/12/2020 10:21,1510204735
2/12/2020,2/12/2020 10:21,2/12/2020 10:21,1510090450
2/12/2020,2/12/2020 10:21,2/12/2020 10:21,1510077859
2/12/2020,2/12/2020 10:22,2/12/2020 10:22,1610075658
2/12/2020,2/12/2020 10:22,2/12/2020 10:22,1710000608
2/12/2020,2/12/2020 10:22,2/12/2020 10:22,1510211269
2/12/2020,2/12/2020 10:22,2/12/2020 10:22,1810008690
2/12/2020,2/12/2020 10:25,2/12/2020 10:25,1510201648
2/12/2020,2/12/2020 10:25,2/12/2020 10:25,1510192048
2/12/2020,2/12/2020 10:26,2/12/2020 10:26,1610030095
2/12/2020,2/12/2020 10:26,2/12/2020 10:26,1610031109
2/12/2020,2/12/2020 10:26,2/12/2020 10:26,1510171217
2/12/2020,2/12/2020 10:27,2/12/2020 10:27,1510314967
2/12/2020,2/12/2020 10:27,2/12/2020 10:27,1510147217
2/12/2020,2/12/2020 10:27,2/12/2020 10:27,1910020569
2/12/2020,2/12/2020 10:28,2/12/2020 10:28,1510213498
2/12/2020,2/12/2020 10:28,2/12/2020 10:28,1512404279
2/12/2020,2/12/2020 10:28,2/12/2020 10:28,1510193661
2/12/2020,2/12/2020 10:28,2/12/2020 10:28,1810007873
2/12/2020,2/12/2020 10:28,2/12/2020 10:28,1510216987
2/12/2020,2/12/2020 10:29,2/12/2020 10:29,1510184900
2/12/2020,2/12/2020 10:43,2/12/2020 10:43,1610064442
2/12/2020,2/12/2020 10:43,2/12/2020 10:43,1510194173
