13/02/2020,13/02/2020 10:11,13/02/2020 10:11,1510122146
13/02/2020,13/02/2020 10:11,13/02/2020 10:11,1810014607
13/02/2020,13/02/2020 10:11,13/02/2020 10:11,1510082537
13/02/2020,13/02/2020 10:11,13/02/2020 10:11,1510064522
13/02/2020,13/02/2020 10:11,13/02/2020 10:11,1610029120
13/02/2020,13/02/2020 10:11,13/02/2020 10:11,1510107817
13/02/2020,13/02/2020 10:11,13/02/2020 10:11,1510089008
13/02/2020,13/02/2020 10:11,13/02/2020 10:11,1510082279
13/02/2020,13/02/2020 10:11,13/02/2020 10:11,1610023270
13/02/2020,13/02/2020 10:11,13/02/2020 10:11,1510128622
13/02/2020,13/02/2020 10:11,13/02/2020 10:11,1510083446
13/02/2020,13/02/2020 10:11,13/02/2020 10:11,1610044965
13/02/2020,13/02/2020 10:12,13/02/2020 10:12,1510080093
13/02/2020,13/02/2020 10:12,13/02/2020 10:12,1610008788
13/02/2020,13/02/2020 10:12,13/02/2020 10:12,1510071766
13/02/2020,13/02/2020 10:12,13/02/2020 10:12,1510060836
13/02/2020,13/02/2020 10:12,13/02/2020 10:12,1510070020
13/02/2020,13/02/2020 10:12,13/02/2020 10:12,1510062607
13/02/2020,13/02/2020 10:12,13/02/2020 10:12,1510167063
13/02/2020,13/02/2020 10:12,13/02/2020 10:12,1510080573
13/02/2020,13/02/2020 10:12,13/02/2020 10:12,1510072356
13/02/2020,13/02/2020 10:12,13/02/2020 10:12,1510105728
13/02/2020,13/02/2020 10:12,13/02/2020 10:12,1510070806
13/02/2020,13/02/2020 10:12,13/02/2020 10:12,1610004956
13/02/2020,13/02/2020 10:12,13/02/2020 10:12,1510084207
13/02/2020,13/02/2020 10:12,13/02/2020 10:12,1510113390
13/02/2020,13/02/2020 10:12,13/02/2020 10:12,1510058828
13/02/2020,13/02/2020 10:12,13/02/2020 10:12,1510075583
13/02/2020,13/02/2020 10:12,13/02/2020 10:12,1510060953
13/02/2020,13/02/2020 10:12,13/02/2020 10:12,1510092375
13/02/2020,13/02/2020 10:12,13/02/2020 10:12,1510070037
13/02/2020,13/02/2020 10:12,13/02/2020 10:12,1510112822
13/02/2020,13/02/2020 10:12,13/02/2020 10:12,1510087203
13/02/2020,13/02/2020 10:12,13/02/2020 10:12,1510091189
13/02/2020,13/02/2020 10:12,13/02/2020 10:12,1508541055
13/02/2020,13/02/2020 10:12,13/02/2020 10:12,1510143923
13/02/2020,13/02/2020 10:13,13/02/2020 10:13,1510060385
13/02/2020,13/02/2020 10:13,13/02/2020 10:13,1910075877
13/02/2020,13/02/2020 10:13,13/02/2020 10:13,1510103976
13/02/2020,13/02/2020 10:13,13/02/2020 10:13,1510098473
13/02/2020,13/02/2020 10:13,13/02/2020 10:13,1510115131
13/02/2020,13/02/2020 10:13,13/02/2020 10:13,1511158985
13/02/2020,13/02/2020 10:13,13/02/2020 10:13,1510079983
13/02/2020,13/02/2020 10:13,13/02/2020 10:13,1510110441
13/02/2020,13/02/2020 10:13,13/02/2020 10:13,1510071760
13/02/2020,13/02/2020 10:13,13/02/2020 10:13,1510098365
13/02/2020,13/02/2020 10:13,13/02/2020 10:13,1510130608
13/02/2020,13/02/2020 10:13,13/02/2020 10:13,1510089731
13/02/2020,13/02/2020 10:13,13/02/2020 10:13,1610028362
13/02/2020,13/02/2020 10:13,13/02/2020 10:13,1510071315
13/02/2020,13/02/2020 10:13,13/02/2020 10:13,1610053604
13/02/2020,13/02/2020 10:13,13/02/2020 10:13,1510140621
13/02/2020,13/02/2020 10:13,13/02/2020 10:13,1510083330
13/02/2020,13/02/2020 10:13,13/02/2020 10:13,1510121188
13/02/2020,13/02/2020 10:13,13/02/2020 10:13,1510114460
13/02/2020,13/02/2020 10:13,13/02/2020 10:13,1610070200
13/02/2020,13/02/2020 10:13,13/02/2020 10:13,1510068225
13/02/2020,13/02/2020 10:13,13/02/2020 10:13,1510081999
13/02/2020,13/02/2020 10:13,13/02/2020 10:13,1510098776
13/02/2020,13/02/2020 10:14,13/02/2020 10:14,1510114355
13/02/2020,13/02/2020 10:14,13/02/2020 10:14,1610036074
13/02/2020,13/02/2020 10:14,13/02/2020 10:14,1610025907
13/02/2020,13/02/2020 10:14,13/02/2020 10:14,1510072514
13/02/2020,13/02/2020 10:14,13/02/2020 10:14,1510036694
13/02/2020,13/02/2020 10:14,13/02/2020 10:14,1610029766
13/02/2020,13/02/2020 10:15,13/02/2020 10:15,1510110884
13/02/2020,13/02/2020 10:15,13/02/2020 10:15,1510116655
13/02/2020,13/02/2020 10:15,13/02/2020 10:15,1510140198
13/02/2020,13/02/2020 10:15,13/02/2020 10:15,1510112665
13/02/2020,13/02/2020 10:15,13/02/2020 10:15,1510139678
13/02/2020,13/02/2020 10:15,13/02/2020 10:15,1510145001
13/02/2020,13/02/2020 10:15,13/02/2020 10:15,1510064189
13/02/2020,13/02/2020 10:15,13/02/2020 10:15,1510141794
13/02/2020,13/02/2020 10:15,13/02/2020 10:15,1610054262
13/02/2020,13/02/2020 10:15,13/02/2020 10:15,1510071784
13/02/2020,13/02/2020 10:15,13/02/2020 10:15,1510161083
13/02/2020,13/02/2020 10:15,13/02/2020 10:15,1610068398
13/02/2020,13/02/2020 10:15,13/02/2020 10:15,1510156208
13/02/2020,13/02/2020 10:15,13/02/2020 10:15,1610017876
13/02/2020,13/02/2020 10:15,13/02/2020 10:15,1510149614
13/02/2020,13/02/2020 10:15,13/02/2020 10:15,1510149699
13/02/2020,13/02/2020 10:15,13/02/2020 10:15,1510135413
13/02/2020,13/02/2020 10:16,13/02/2020 10:16,1510074126
13/02/2020,13/02/2020 10:16,13/02/2020 10:16,1510101438
13/02/2020,13/02/2020 10:16,13/02/2020 10:16,1510094395
13/02/2020,13/02/2020 10:16,13/02/2020 10:16,1510086982
13/02/2020,13/02/2020 10:16,13/02/2020 10:16,1610000505
13/02/2020,13/02/2020 10:16,13/02/2020 10:16,1510128054
13/02/2020,13/02/2020 10:16,13/02/2020 10:16,1510094362
13/02/2020,13/02/2020 10:16,13/02/2020 10:16,1510140014
13/02/2020,13/02/2020 10:16,13/02/2020 10:16,1510131116
13/02/2020,13/02/2020 10:16,13/02/2020 10:16,1510098758
13/02/2020,13/02/2020 10:16,13/02/2020 10:16,1610017579
13/02/2020,13/02/2020 10:16,13/02/2020 10:16,1510127750
13/02/2020,13/02/2020 10:16,13/02/2020 10:16,1510136286
13/02/2020,13/02/2020 10:16,13/02/2020 10:16,1510157045
13/02/2020,13/02/2020 10:16,13/02/2020 10:16,1510087740
13/02/2020,13/02/2020 10:17,13/02/2020 10:17,1510065837
13/02/2020,13/02/2020 10:17,13/02/2020 10:17,1510125746
13/02/2020,13/02/2020 10:17,13/02/2020 10:17,1510094373
13/02/2020,13/02/2020 10:17,13/02/2020 10:17,1510159340
13/02/2020,13/02/2020 10:17,13/02/2020 10:17,1510180499
13/02/2020,13/02/2020 10:17,13/02/2020 10:17,1510125361
13/02/2020,13/02/2020 10:17,13/02/2020 10:17,1510158054
13/02/2020,13/02/2020 10:17,13/02/2020 10:17,1510168265
13/02/2020,13/02/2020 10:17,13/02/2020 10:17,1510069998
13/02/2020,13/02/2020 10:17,13/02/2020 10:17,1510086223
13/02/2020,13/02/2020 10:17,13/02/2020 10:17,1510126999
13/02/2020,13/02/2020 10:17,13/02/2020 10:17,1510139810
13/02/2020,13/02/2020 10:17,13/02/2020 10:17,1510160707
13/02/2020,13/02/2020 10:17,13/02/2020 10:17,1510128496
13/02/2020,13/02/2020 10:17,13/02/2020 10:17,1510132585
13/02/2020,13/02/2020 10:19,13/02/2020 10:19,1510127767
13/02/2020,13/02/2020 10:20,13/02/2020 10:20,1610073052
13/02/2020,13/02/2020 10:20,13/02/2020 10:20,1510082409
13/02/2020,13/02/2020 10:20,13/02/2020 10:20,1510095959
13/02/2020,13/02/2020 10:20,13/02/2020 10:20,1510070191
13/02/2020,13/02/2020 10:20,13/02/2020 10:20,1510098893
13/02/2020,13/02/2020 10:20,13/02/2020 10:20,1510090196
13/02/2020,13/02/2020 10:20,13/02/2020 10:20,1510170962
13/02/2020,13/02/2020 10:20,13/02/2020 10:20,1810000220
13/02/2020,13/02/2020 10:20,13/02/2020 10:20,1510156984
13/02/2020,13/02/2020 10:21,13/02/2020 10:21,1510076312
13/02/2020,13/02/2020 10:21,13/02/2020 10:21,1510145906
13/02/2020,13/02/2020 10:21,13/02/2020 10:21,1510098640
13/02/2020,13/02/2020 10:21,13/02/2020 10:21,1610023307
13/02/2020,13/02/2020 10:21,13/02/2020 10:21,1510140478
13/02/2020,13/02/2020 10:21,13/02/2020 10:21,1510141281
13/02/2020,13/02/2020 10:21,13/02/2020 10:21,1510137174
13/02/2020,13/02/2020 10:21,13/02/2020 10:21,1510109744
13/02/2020,13/02/2020 10:21,13/02/2020 10:21,1510152616
13/02/2020,13/02/2020 10:21,13/02/2020 10:21,1510160725
13/02/2020,13/02/2020 10:21,13/02/2020 10:21,1510131960
13/02/2020,13/02/2020 10:21,13/02/2020 10:21,1510097412
13/02/2020,13/02/2020 10:21,13/02/2020 10:21,1510156854
13/02/2020,13/02/2020 10:21,13/02/2020 10:21,1510131335
13/02/2020,13/02/2020 10:21,13/02/2020 10:21,1510083482
13/02/2020,13/02/2020 10:21,13/02/2020 10:21,1510215607
13/02/2020,13/02/2020 10:21,13/02/2020 10:21,1510145597
13/02/2020,13/02/2020 10:22,13/02/2020 10:22,1510175655
13/02/2020,13/02/2020 10:22,13/02/2020 10:22,1510165682
13/02/2020,13/02/2020 10:22,13/02/2020 10:22,1510143445
13/02/2020,13/02/2020 10:22,13/02/2020 10:22,1810006356
13/02/2020,13/02/2020 10:22,13/02/2020 10:22,1610003068
13/02/2020,13/02/2020 10:22,13/02/2020 10:22,1510122247
13/02/2020,13/02/2020 10:22,13/02/2020 10:22,1610040004
13/02/2020,13/02/2020 10:22,13/02/2020 10:22,1510064177
13/02/2020,13/02/2020 10:22,13/02/2020 10:22,1510147566
13/02/2020,13/02/2020 10:23,13/02/2020 10:23,1510161712
13/02/2020,13/02/2020 10:24,13/02/2020 10:24,1510051737
13/02/2020,13/02/2020 10:24,13/02/2020 10:24,1510069264
13/02/2020,13/02/2020 10:24,13/02/2020 10:24,1510087017
13/02/2020,13/02/2020 10:24,13/02/2020 10:24,1510082300
13/02/2020,13/02/2020 10:24,13/02/2020 10:24,1510027608
13/02/2020,13/02/2020 10:24,13/02/2020 10:24,1510105649
13/02/2020,13/02/2020 10:24,13/02/2020 10:24,1510071861
13/02/2020,13/02/2020 10:24,13/02/2020 10:24,1610023273
13/02/2020,13/02/2020 10:24,13/02/2020 10:24,1510136695
13/02/2020,13/02/2020 10:24,13/02/2020 10:24,1510060860
13/02/2020,13/02/2020 10:24,13/02/2020 10:24,1510085188
13/02/2020,13/02/2020 10:24,13/02/2020 10:24,1510083372
13/02/2020,13/02/2020 10:25,13/02/2020 10:25,1510115503
13/02/2020,13/02/2020 10:25,13/02/2020 10:25,1510085797
13/02/2020,13/02/2020 10:25,13/02/2020 10:25,1510082351
13/02/2020,13/02/2020 10:25,13/02/2020 10:25,1610051225
13/02/2020,13/02/2020 10:25,13/02/2020 10:25,1510057209
13/02/2020,13/02/2020 10:25,13/02/2020 10:25,1610056737
13/02/2020,13/02/2020 10:25,13/02/2020 10:25,1510071790
13/02/2020,13/02/2020 10:25,13/02/2020 10:25,1610020375
13/02/2020,13/02/2020 10:25,13/02/2020 10:25,1510077774
13/02/2020,13/02/2020 10:25,13/02/2020 10:25,1510098646
13/02/2020,13/02/2020 10:25,13/02/2020 10:25,1510086946
13/02/2020,13/02/2020 10:25,13/02/2020 10:25,1510064117
13/02/2020,13/02/2020 10:25,13/02/2020 10:25,1610021745
13/02/2020,13/02/2020 10:25,13/02/2020 10:25,1510094304
13/02/2020,13/02/2020 10:25,13/02/2020 10:25,1510069812
13/02/2020,13/02/2020 10:25,13/02/2020 10:25,1510070055
13/02/2020,13/02/2020 10:26,13/02/2020 10:26,1510090152
13/02/2020,13/02/2020 10:26,13/02/2020 10:26,1510094193
13/02/2020,13/02/2020 10:26,13/02/2020 10:26,1510071933
13/02/2020,13/02/2020 10:26,13/02/2020 10:26,1510060806
13/02/2020,13/02/2020 10:26,13/02/2020 10:26,1510130224
13/02/2020,13/02/2020 10:26,13/02/2020 10:26,1510071938
13/02/2020,13/02/2020 10:26,13/02/2020 10:26,1510094453
13/02/2020,13/02/2020 10:26,13/02/2020 10:26,1510104240
13/02/2020,13/02/2020 10:26,13/02/2020 10:26,1510130116
13/02/2020,13/02/2020 10:27,13/02/2020 10:27,1510094088
13/02/2020,13/02/2020 10:28,13/02/2020 10:28,1510138186
13/02/2020,13/02/2020 10:28,13/02/2020 10:28,1510117831
13/02/2020,13/02/2020 10:28,13/02/2020 10:28,1510094093
13/02/2020,13/02/2020 10:28,13/02/2020 10:28,1510074183
13/02/2020,13/02/2020 10:28,13/02/2020 10:28,1510165389
13/02/2020,13/02/2020 10:28,13/02/2020 10:28,1510101329
13/02/2020,13/02/2020 10:28,13/02/2020 10:28,1609032055
13/02/2020,13/02/2020 10:28,13/02/2020 10:28,1510104156
13/02/2020,13/02/2020 10:29,13/02/2020 10:29,1510139929
13/02/2020,13/02/2020 10:29,13/02/2020 10:29,1510156882
13/02/2020,13/02/2020 10:29,13/02/2020 10:29,1610060838
13/02/2020,13/02/2020 10:29,13/02/2020 10:29,1510113424
13/02/2020,13/02/2020 10:29,13/02/2020 10:29,1510138247
13/02/2020,13/02/2020 10:29,13/02/2020 10:29,1510086797
13/02/2020,13/02/2020 10:29,13/02/2020 10:29,1510071042
13/02/2020,13/02/2020 10:29,13/02/2020 10:29,1610017666
13/02/2020,13/02/2020 10:29,13/02/2020 10:29,1510136414
13/02/2020,13/02/2020 10:30,13/02/2020 10:30,1510109880
13/02/2020,13/02/2020 10:30,13/02/2020 10:30,1510101352
13/02/2020,13/02/2020 10:30,13/02/2020 10:30,1510072217
13/02/2020,13/02/2020 10:30,13/02/2020 10:30,1510060740
13/02/2020,13/02/2020 10:30,13/02/2020 10:30,1510060894
13/02/2020,13/02/2020 10:30,13/02/2020 10:30,1510085224
13/02/2020,13/02/2020 10:30,13/02/2020 10:30,1510109780
13/02/2020,13/02/2020 10:30,13/02/2020 10:30,1510093756
13/02/2020,13/02/2020 10:30,13/02/2020 10:30,1510085249
13/02/2020,13/02/2020 10:30,13/02/2020 10:30,1610053397
13/02/2020,13/02/2020 10:30,13/02/2020 10:30,1510072369
13/02/2020,13/02/2020 10:31,13/02/2020 10:31,1510075748
13/02/2020,13/02/2020 10:31,13/02/2020 10:31,1510089049
13/02/2020,13/02/2020 10:31,13/02/2020 10:31,1510094443
13/02/2020,13/02/2020 10:32,13/02/2020 10:32,1510134444
13/02/2020,13/02/2020 10:32,13/02/2020 10:32,1510131043
13/02/2020,13/02/2020 10:32,13/02/2020 10:32,1510070749
13/02/2020,13/02/2020 10:32,13/02/2020 10:32,1510134758
13/02/2020,13/02/2020 10:32,13/02/2020 10:32,1510117005
13/02/2020,13/02/2020 10:32,13/02/2020 10:32,1510133817
13/02/2020,13/02/2020 10:32,13/02/2020 10:32,1510139958
13/02/2020,13/02/2020 10:32,13/02/2020 10:32,1510127815
13/02/2020,13/02/2020 10:33,13/02/2020 10:33,1510137803
13/02/2020,13/02/2020 10:33,13/02/2020 10:33,1510220796
13/02/2020,13/02/2020 10:33,13/02/2020 10:33,1510135084
13/02/2020,13/02/2020 10:33,13/02/2020 10:33,1510160719
13/02/2020,13/02/2020 10:33,13/02/2020 10:33,1510117874
13/02/2020,13/02/2020 10:33,13/02/2020 10:33,1510139684
13/02/2020,13/02/2020 10:33,13/02/2020 10:33,1510108346
13/02/2020,13/02/2020 10:33,13/02/2020 10:33,1510131023
13/02/2020,13/02/2020 10:34,13/02/2020 10:34,1510060082
13/02/2020,13/02/2020 10:34,13/02/2020 10:34,1510139648
13/02/2020,13/02/2020 10:34,13/02/2020 10:34,1610017349
13/02/2020,13/02/2020 10:34,13/02/2020 10:34,1510149306
13/02/2020,13/02/2020 10:34,13/02/2020 10:34,1510136406
13/02/2020,13/02/2020 10:34,13/02/2020 10:34,1510163506
13/02/2020,13/02/2020 10:36,13/02/2020 10:36,1510127668
13/02/2020,13/02/2020 10:36,13/02/2020 10:36,1510157055
13/02/2020,13/02/2020 10:36,13/02/2020 10:36,1510084606
13/02/2020,13/02/2020 10:37,13/02/2020 10:37,1510156220
13/02/2020,13/02/2020 10:37,13/02/2020 10:37,1510140529
13/02/2020,13/02/2020 10:37,13/02/2020 10:37,1510111192
13/02/2020,13/02/2020 10:37,13/02/2020 10:37,1510141293
13/02/2020,13/02/2020 10:37,13/02/2020 10:37,1510161170
13/02/2020,13/02/2020 10:37,13/02/2020 10:37,1510140614
13/02/2020,13/02/2020 10:37,13/02/2020 10:37,1510156870
13/02/2020,13/02/2020 10:37,13/02/2020 10:37,1610036189
13/02/2020,13/02/2020 10:38,13/02/2020 10:38,1510167126
13/02/2020,13/02/2020 10:38,13/02/2020 10:38,1510109873
13/02/2020,13/02/2020 10:38,13/02/2020 10:38,1510128557
13/02/2020,13/02/2020 10:38,13/02/2020 10:38,1510175686
13/02/2020,13/02/2020 10:38,13/02/2020 10:38,1610068759
13/02/2020,13/02/2020 10:38,13/02/2020 10:38,1510108198
13/02/2020,13/02/2020 10:38,13/02/2020 10:38,1510108589
13/02/2020,13/02/2020 10:38,13/02/2020 10:38,1510157860
13/02/2020,13/02/2020 10:38,13/02/2020 10:38,1810006351
13/02/2020,13/02/2020 10:38,13/02/2020 10:38,1510125090
13/02/2020,13/02/2020 10:38,13/02/2020 10:38,1510128059
13/02/2020,13/02/2020 10:38,13/02/2020 10:38,1510083502
13/02/2020,13/02/2020 10:38,13/02/2020 10:38,1510136822
13/02/2020,13/02/2020 10:41,13/02/2020 10:41,1510065778
13/02/2020,13/02/2020 10:42,13/02/2020 10:42,1510065267
13/02/2020,13/02/2020 10:42,13/02/2020 10:42,1510090949
13/02/2020,13/02/2020 10:42,13/02/2020 10:42,1510065790
13/02/2020,13/02/2020 10:42,13/02/2020 10:42,1510116183
13/02/2020,13/02/2020 10:42,13/02/2020 10:42,1510075845
13/02/2020,13/02/2020 10:42,13/02/2020 10:42,1610011974
13/02/2020,13/02/2020 10:42,13/02/2020 10:42,1510156864
13/02/2020,13/02/2020 10:42,13/02/2020 10:42,1510072427
13/02/2020,13/02/2020 10:42,13/02/2020 10:42,1510144333
13/02/2020,13/02/2020 10:42,13/02/2020 10:42,1510111104
13/02/2020,13/02/2020 10:42,13/02/2020 10:42,1510086295
13/02/2020,13/02/2020 10:42,13/02/2020 10:42,1610062963
13/02/2020,13/02/2020 10:43,13/02/2020 10:43,1510057107
13/02/2020,13/02/2020 10:43,13/02/2020 10:43,1610059185
13/02/2020,13/02/2020 10:43,13/02/2020 10:43,1510094073
13/02/2020,13/02/2020 10:43,13/02/2020 10:43,1910073130
13/02/2020,13/02/2020 10:43,13/02/2020 10:43,1510021466
13/02/2020,13/02/2020 10:43,13/02/2020 10:43,1510091065
13/02/2020,13/02/2020 10:43,13/02/2020 10:43,1510086674
13/02/2020,13/02/2020 10:43,13/02/2020 10:43,1510072415
13/02/2020,13/02/2020 10:43,13/02/2020 10:43,1510079646
13/02/2020,13/02/2020 10:43,13/02/2020 10:43,1510077585
13/02/2020,13/02/2020 10:43,13/02/2020 10:43,1510082303
13/02/2020,13/02/2020 10:43,13/02/2020 10:43,1510140633
13/02/2020,13/02/2020 10:44,13/02/2020 10:44,1510072180
13/02/2020,13/02/2020 10:44,13/02/2020 10:44,1510075435
13/02/2020,13/02/2020 10:44,13/02/2020 10:44,1510083456
13/02/2020,13/02/2020 10:44,13/02/2020 10:44,1510052308
13/02/2020,13/02/2020 10:44,13/02/2020 10:44,1510111087
13/02/2020,13/02/2020 10:44,13/02/2020 10:44,1510086616
13/02/2020,13/02/2020 10:44,13/02/2020 10:44,1510104248
13/02/2020,13/02/2020 10:44,13/02/2020 10:44,1510103338
13/02/2020,13/02/2020 10:44,13/02/2020 10:44,1510094103
