1510213730,05/02/2020,05/02/2020 10:01,05/02/2020 10:01,1510213730,
1610031109,05/02/2020 10:01,05/02/2020,05/02/2020 10:01,1610031109,
1510171217,05/02/2020 10:01,05/02/2020,05/02/2020 10:01,1510171217,
1510189572,05/02/2020 10:01,05/02/2020,05/02/2020 10:01,1510189572,
1810007998,05/02/2020 10:01,05/02/2020,05/02/2020 10:01,1810007998,
1512283033,05/02/2020 10:01,05/02/2020,05/02/2020 10:01,1512283033,
1610030694,05/02/2020 10:01,05/02/2020,05/02/2020 10:01,1610030694,
1510131768,05/02/2020 10:02,05/02/2020,05/02/2020 10:02,1510131768,
1610014668,05/02/2020 10:02,05/02/2020,05/02/2020 10:02,1610014668,
1510119143,05/02/2020 10:02,05/02/2020,05/02/2020 10:02,1510119143,
1510123155,05/02/2020 10:02,05/02/2020,05/02/2020 10:02,1510123155,
1510195472,05/02/2020 10:02,05/02/2020,05/02/2020 10:02,1510195472,
1510148588,05/02/2020 10:02,05/02/2020,05/02/2020 10:02,1510148588,
1512274875,05/02/2020 10:02,05/02/2020,05/02/2020 10:02,1512274875,
1510192048,05/02/2020 10:02,05/02/2020,05/02/2020 10:02,1510192048,
1510166652,05/02/2020 10:02,05/02/2020,05/02/2020 10:02,1510166652,
1510211269,05/02/2020 10:02,05/02/2020,05/02/2020 10:02,1510211269,
1610030095,05/02/2020 10:02,05/02/2020,05/02/2020 10:02,1610030095,
1610030090,05/02/2020 10:03,05/02/2020,05/02/2020 10:03,1610030090,
1610041673,05/02/2020 10:03,05/02/2020,05/02/2020 10:03,1610041673,
1812013303,05/02/2020 10:03,05/02/2020,05/02/2020 10:03,1812013303,
1510151787,05/02/2020 10:03,05/02/2020,05/02/2020 10:03,1510151787,
1510076160,05/02/2020 10:03,05/02/2020,05/02/2020 10:03,1510076160,
1510162865,05/02/2020 10:03,05/02/2020,05/02/2020 10:03,1510162865,
1510192490,05/02/2020 10:03,05/02/2020,05/02/2020 10:03,1510192490,
1810008690,05/02/2020 10:03,05/02/2020,05/02/2020 10:03,1810008690,
1510195773,05/02/2020 10:03,05/02/2020,05/02/2020 10:03,1510195773,
1610020699,05/02/2020 10:03,05/02/2020,05/02/2020 10:03,1610020699,
1510184701,05/02/2020 10:03,05/02/2020,05/02/2020 10:03,1510184701,
1510213362,05/02/2020 10:03,05/02/2020,05/02/2020 10:03,1510213362,
1610032748,05/02/2020 10:03,05/02/2020,05/02/2020 10:03,1610032748,
1610041136,05/02/2020 10:03,05/02/2020,05/02/2020 10:03,1610041136,
1710000608,05/02/2020 10:04,05/02/2020,05/02/2020 10:04,1710000608,
1510208635,05/02/2020 10:04,05/02/2020,05/02/2020 10:04,1510208635,
1510204735,05/02/2020 10:04,05/02/2020,05/02/2020 10:04,1510204735,
1710001857,05/02/2020 10:04,05/02/2020,05/02/2020 10:04,1710001857,
1510210726,05/02/2020 10:04,05/02/2020,05/02/2020 10:04,1510210726,
1510216987,05/02/2020 10:04,05/02/2020,05/02/2020 10:04,1510216987,
1510213498,05/02/2020 10:04,05/02/2020,05/02/2020 10:04,1510213498,
1713103215,05/02/2020 10:04,05/02/2020,05/02/2020 10:04,1713103215,
1710000094,05/02/2020 10:04,05/02/2020,05/02/2020 10:04,1710000094,
1513165587,05/02/2020 10:04,05/02/2020,05/02/2020 10:04,1513165587,
1810008651,05/02/2020 10:05,05/02/2020,05/02/2020 10:05,1810008651,
1710033915,05/02/2020 10:05,05/02/2020,05/02/2020 10:05,1710033915,
1510167788,05/02/2020 10:05,05/02/2020,05/02/2020 10:05,1510167788,
1512570641,05/02/2020 10:05,05/02/2020,05/02/2020 10:05,1512570641,
1810007191,05/02/2020 10:05,05/02/2020,05/02/2020 10:05,1810007191,
1510193661,05/02/2020 10:05,05/02/2020,05/02/2020 10:05,1510193661,
1510196296,05/02/2020 10:05,05/02/2020,05/02/2020 10:05,1510196296,
1510207717,05/02/2020 10:05,05/02/2020,05/02/2020 10:05,1510207717,
1512404279,05/02/2020 10:05,05/02/2020,05/02/2020 10:05,1512404279,
1712019836,05/02/2020 10:05,05/02/2020,05/02/2020 10:05,1712019836,
1610079163,05/02/2020 10:06,05/02/2020,05/02/2020 10:06,1610079163,
1810021011,05/02/2020 10:06,05/02/2020,05/02/2020 10:06,1810021011,
1510202000,05/02/2020 10:06,05/02/2020,05/02/2020 10:06,1510202000,
1512026008,05/02/2020 10:06,05/02/2020,05/02/2020 10:06,1512026008,
1510077859,05/02/2020 10:06,05/02/2020,05/02/2020 10:06,1510077859,
1510220390,05/02/2020 10:06,05/02/2020,05/02/2020 10:06,1510220390,
1710052651,05/02/2020 10:06,05/02/2020,05/02/2020 10:06,1710052651,
1510194173,05/02/2020 10:06,05/02/2020,05/02/2020 10:06,1510194173,
1610046731,05/02/2020 10:07,05/02/2020,05/02/2020 10:07,1610046731,
1510147217,05/02/2020 10:07,05/02/2020,05/02/2020 10:07,1510147217,
1510177938,05/02/2020 10:07,05/02/2020,05/02/2020 10:07,1510177938,
1810007822,05/02/2020 10:07,05/02/2020,05/02/2020 10:07,1810007822,
1510075156,05/02/2020 10:07,05/02/2020,05/02/2020 10:07,1510075156,
1510175588,05/02/2020 10:07,05/02/2020,05/02/2020 10:07,1510175588,
1510182765,05/02/2020 10:07,05/02/2020,05/02/2020 10:07,1510182765,
1510167091,05/02/2020 10:07,05/02/2020,05/02/2020 10:07,1510167091,
1510105302,05/02/2020 10:07,05/02/2020,05/02/2020 10:07,1510105302,
1510075888,05/02/2020 10:07,05/02/2020,05/02/2020 10:07,1510075888,
1512453506,05/02/2020 10:07,05/02/2020,05/02/2020 10:07,1512453506,
1510154117,05/02/2020 10:07,05/02/2020,05/02/2020 10:07,1510154117,
1510130830,05/02/2020 10:07,05/02/2020,05/02/2020 10:07,1510130830,
1510087043,05/02/2020 10:08,05/02/2020,05/02/2020 10:08,1510087043,
1510184900,05/02/2020 10:08,05/02/2020,05/02/2020 10:08,1510184900,
1710005358,05/02/2020 10:10,05/02/2020,05/02/2020 10:10,1710005358,
1510192025,05/02/2020 10:10,05/02/2020,05/02/2020 10:10,1510192025,
1810007863,05/02/2020 10:10,05/02/2020,05/02/2020 10:10,1810007863,
1710005527,05/02/2020 10:10,05/02/2020,05/02/2020 10:10,1710005527,
1510197949,05/02/2020 10:10,05/02/2020,05/02/2020 10:10,1510197949,
1510163462,05/02/2020 10:11,05/02/2020,05/02/2020 10:11,1510163462,
1510167053,05/02/2020 10:11,05/02/2020,05/02/2020 10:11,1510167053,
1610054410,05/02/2020 10:11,05/02/2020,05/02/2020 10:11,1610054410,
1710016186,05/02/2020 10:11,05/02/2020,05/02/2020 10:11,1710016186,
1510200226,05/02/2020 10:11,05/02/2020,05/02/2020 10:11,1510200226,
1710001885,05/02/2020 10:11,05/02/2020,05/02/2020 10:11,1710001885,
1510192042,05/02/2020 10:11,05/02/2020,05/02/2020 10:11,1510192042,
1710074142,05/02/2020 10:11,05/02/2020,05/02/2020 10:11,1710074142,
1710072327,05/02/2020 10:11,05/02/2020,05/02/2020 10:11,1710072327,
1510192484,05/02/2020 10:11,05/02/2020,05/02/2020 10:11,1510192484,
1510191978,05/02/2020 10:11,05/02/2020,05/02/2020 10:11,1510191978,
1510211245,05/02/2020 10:11,05/02/2020,05/02/2020 10:11,1510211245,
1710010510,05/02/2020 10:11,05/02/2020,05/02/2020 10:11,1710010510,
1610030058,05/02/2020 10:11,05/02/2020,05/02/2020 10:11,1610030058,
1510126375,05/02/2020 10:12,05/02/2020,05/02/2020 10:12,1510126375,
1512203841,05/02/2020 10:12,05/02/2020,05/02/2020 10:12,1512203841,
1510104775,05/02/2020 10:12,05/02/2020,05/02/2020 10:12,1510104775,
1510161100,05/02/2020 10:12,05/02/2020,05/02/2020 10:12,1510161100,
1510151084,05/02/2020 10:12,05/02/2020,05/02/2020 10:12,1510151084,
1510152445,05/02/2020 10:12,05/02/2020,05/02/2020 10:12,1510152445,
1510177379,05/02/2020 10:12,05/02/2020,05/02/2020 10:12,1510177379,
1610077226,05/02/2020 10:13,05/02/2020,05/02/2020 10:13,1610077226,
1510197092,05/02/2020 10:13,05/02/2020,05/02/2020 10:13,1510197092,
1610012446,05/02/2020 10:13,05/02/2020,05/02/2020 10:13,1610012446,
1510078736,05/02/2020 10:13,05/02/2020,05/02/2020 10:13,1510078736,
1510199476,05/02/2020 10:13,05/02/2020,05/02/2020 10:13,1510199476,
1510153430,05/02/2020 10:13,05/02/2020,05/02/2020 10:13,1510153430,
1510143534,05/02/2020 10:14,05/02/2020,05/02/2020 10:14,1510143534,
1510118850,05/02/2020 10:14,05/02/2020,05/02/2020 10:14,1510118850,
1510128883,05/02/2020 10:14,05/02/2020,05/02/2020 10:14,1510128883,
1510071876,05/02/2020 10:14,05/02/2020,05/02/2020 10:14,1510071876,
1610042507,05/02/2020 10:14,05/02/2020,05/02/2020 10:14,1610042507,
1712001125,05/02/2020 10:14,05/02/2020,05/02/2020 10:14,1712001125,
1610064442,05/02/2020 10:14,05/02/2020,05/02/2020 10:14,1610064442,
1610010720,05/02/2020 10:14,05/02/2020,05/02/2020 10:14,1610010720,
1610015407,05/02/2020 10:14,05/02/2020,05/02/2020 10:14,1610015407,
1510150698,05/02/2020 10:14,05/02/2020,05/02/2020 10:14,1510150698,
1510200873,05/02/2020 10:15,05/02/2020,05/02/2020 10:15,1510200873,
1512479028,05/02/2020 10:15,05/02/2020,05/02/2020 10:15,1512479028,
1510148090,05/02/2020 10:15,05/02/2020,05/02/2020 10:15,1510148090,
1510157958,05/02/2020 10:15,05/02/2020,05/02/2020 10:15,1510157958,
1512592106,05/02/2020 10:15,05/02/2020,05/02/2020 10:15,1512592106,
1510150736,05/02/2020 10:15,05/02/2020,05/02/2020 10:15,1510150736,
1510066554,05/02/2020 10:16,05/02/2020,05/02/2020 10:16,1510066554,
1810011621,05/02/2020 10:16,05/02/2020,05/02/2020 10:16,1810011621,
1510198385,05/02/2020 10:16,05/02/2020,05/02/2020 10:16,1510198385,
1810011597,05/02/2020 10:16,05/02/2020,05/02/2020 10:16,1810011597,
1510099415,05/02/2020 10:16,05/02/2020,05/02/2020 10:16,1510099415,
1810008576,05/02/2020 10:16,05/02/2020,05/02/2020 10:16,1810008576,
1512643862,05/02/2020 10:16,05/02/2020,05/02/2020 10:16,1512643862,
1510106734,05/02/2020 10:16,05/02/2020,05/02/2020 10:16,1510106734,
1512111843,05/02/2020 10:16,05/02/2020,05/02/2020 10:16,1512111843,
1810007900,05/02/2020 10:16,05/02/2020,05/02/2020 10:16,1810007900,
1512156328,05/02/2020 10:17,05/02/2020,05/02/2020 10:17,1512156328,
1510169310,05/02/2020 10:17,05/02/2020,05/02/2020 10:17,1510169310,
1810000396,05/02/2020 10:17,05/02/2020,05/02/2020 10:17,1810000396,
1610012974,05/02/2020 10:17,05/02/2020,05/02/2020 10:17,1610012974,
1810000417,05/02/2020 10:17,05/02/2020,05/02/2020 10:17,1810000417,
1510128789,05/02/2020 10:17,05/02/2020,05/02/2020 10:17,1510128789,
1510142239,05/02/2020 10:17,05/02/2020,05/02/2020 10:17,1510142239,
1510142248,05/02/2020 10:17,05/02/2020,05/02/2020 10:17,1510142248,
1510176389,05/02/2020 10:17,05/02/2020,05/02/2020 10:17,1510176389,
1510163250,05/02/2020 10:17,05/02/2020,05/02/2020 10:17,1510163250,
1610022831,05/02/2020 10:17,05/02/2020,05/02/2020 10:17,1610022831,
1810011717,05/02/2020 10:17,05/02/2020,05/02/2020 10:17,1810011717,
1510145734,05/02/2020 10:17,05/02/2020,05/02/2020 10:17,1510145734,
1810003849,05/02/2020 10:17,05/02/2020,05/02/2020 10:17,1810003849,
1810007890,05/02/2020 10:18,05/02/2020,05/02/2020 10:18,1810007890,
1810000028,05/02/2020 10:18,05/02/2020,05/02/2020 10:18,1810000028,
1810001525,05/02/2020 10:18,05/02/2020,05/02/2020 10:18,1810001525,
1810007873,05/02/2020 10:18,05/02/2020,05/02/2020 10:18,1810007873,
1910027713,05/02/2020 10:18,05/02/2020,05/02/2020 10:18,1910027713,
1610034758,05/02/2020 10:19,05/02/2020,05/02/2020 10:19,1610034758,
1510143170,05/02/2020 10:19,05/02/2020,05/02/2020 10:19,1510143170,
1710023053,05/02/2020 10:19,05/02/2020,05/02/2020 10:19,1710023053,
1510183616,05/02/2020 10:19,05/02/2020,05/02/2020 10:19,1510183616,
1510094014,05/02/2020 10:19,05/02/2020,05/02/2020 10:19,1510094014,
1810011575,05/02/2020 10:19,05/02/2020,05/02/2020 10:19,1810011575,
1510192472,05/02/2020 10:19,05/02/2020,05/02/2020 10:19,1510192472,
1510136828,05/02/2020 10:19,05/02/2020,05/02/2020 10:19,1510136828,
1610009852,05/02/2020 10:19,05/02/2020,05/02/2020 10:19,1610009852,
1810007294,05/02/2020 10:19,05/02/2020,05/02/2020 10:19,1810007294,
1810007257,05/02/2020 10:20,05/02/2020,05/02/2020 10:20,1810007257,
1510188928,05/02/2020 10:20,05/02/2020,05/02/2020 10:20,1510188928,
1510096488,05/02/2020 10:21,05/02/2020,05/02/2020 10:21,1510096488,
1810007312,05/02/2020 10:21,05/02/2020,05/02/2020 10:21,1810007312,
1510201648,05/02/2020 10:21,05/02/2020,05/02/2020 10:21,1510201648,
1510073490,05/02/2020 10:22,05/02/2020,05/02/2020 10:22,1510073490,
1510065432,05/02/2020 10:22,05/02/2020,05/02/2020 10:22,1510065432,
1512297108,05/02/2020 10:23,05/02/2020,05/02/2020 10:23,1512297108,
1512502542,05/02/2020 10:23,05/02/2020,05/02/2020 10:23,1512502542,
1610077479,05/02/2020 10:24,05/02/2020,05/02/2020 10:24,1610077479,
1510093979,05/02/2020 10:24,05/02/2020,05/02/2020 10:24,1510093979,
1512352319,05/02/2020 10:24,05/02/2020,05/02/2020 10:24,1512352319,
1512608950,05/02/2020 10:24,05/02/2020,05/02/2020 10:24,1512608950,
1510070997,05/02/2020 10:25,05/02/2020,05/02/2020 10:25,1510070997,
1610075865,05/02/2020 10:25,05/02/2020,05/02/2020 10:25,1610075865,
1510071700,05/02/2020 10:26,05/02/2020,05/02/2020 10:26,1510071700,
1910020569,05/02/2020 10:26,05/02/2020,05/02/2020 10:26,1910020569,
1612006102,05/02/2020 10:27,05/02/2020,05/02/2020 10:27,1612006102,
1810007881,05/02/2020 10:27,05/02/2020,05/02/2020 10:27,1810007881,
1812003834,05/02/2020 10:27,05/02/2020,05/02/2020 10:27,1812003834,
1510068235,05/02/2020 10:27,05/02/2020,05/02/2020 10:27,1510068235,
1610058392,05/02/2020 10:27,05/02/2020,05/02/2020 10:27,1610058392,
1510095923,05/02/2020 10:27,05/02/2020,05/02/2020 10:27,1510095923,
1510135634,05/02/2020 10:27,05/02/2020,05/02/2020 10:27,1510135634,
1510065849,05/02/2020 10:27,05/02/2020,05/02/2020 10:27,1510065849,
1710000206,05/02/2020 10:27,05/02/2020,05/02/2020 10:27,1710000206,
1510091710,05/02/2020 10:28,05/02/2020,05/02/2020 10:28,1510091710,
1610036326,05/02/2020 10:28,05/02/2020,05/02/2020 10:28,1610036326,
1512479026,05/02/2020 10:33,05/02/2020,05/02/2020 10:33,1512479026,
1510087697,05/02/2020 10:33,05/02/2020,05/02/2020 10:33,1510087697,
1512277580,05/02/2020 10:33,05/02/2020,05/02/2020 10:33,1512277580,
1510159447,05/02/2020 10:34,05/02/2020,05/02/2020 10:34,1510159447,
1512261910,05/02/2020 10:34,05/02/2020,05/02/2020 10:34,1512261910,
1510103864,05/02/2020 10:34,05/02/2020,05/02/2020 10:34,1510103864,
1512275163,05/02/2020 10:34,05/02/2020,05/02/2020 10:34,1512275163,
1512277583,05/02/2020 10:34,05/02/2020,05/02/2020 10:34,1512277583,
1510127946,05/02/2020 10:34,05/02/2020,05/02/2020 10:34,1510127946,
1512331183,05/02/2020 10:34,05/02/2020,05/02/2020 10:34,1512331183,
1910028675,05/02/2020 10:34,05/02/2020,05/02/2020 10:34,1910028675,
1510087642,05/02/2020 10:35,05/02/2020,05/02/2020 10:35,1510087642,
1510144759,05/02/2020 10:35,05/02/2020,05/02/2020 10:35,1510144759,
1510091464,05/02/2020 10:35,05/02/2020,05/02/2020 10:35,1510091464,
1510149504,05/02/2020 10:36,05/02/2020,05/02/2020 10:36,1510149504,
1510125138,05/02/2020 10:36,05/02/2020,05/02/2020 10:36,1510125138,
1510093997,05/02/2020 10:37,05/02/2020,05/02/2020 10:37,1510093997,
1710044242,05/02/2020 10:37,05/02/2020,05/02/2020 10:37,1710044242,
1510122317,05/02/2020 10:37,05/02/2020,05/02/2020 10:37,1510122317,
1512286360,05/02/2020 10:37,05/02/2020,05/02/2020 10:37,1512286360,
1510093985,05/02/2020 10:37,05/02/2020,05/02/2020 10:37,1510093985,
1610004496,05/02/2020 10:37,05/02/2020,05/02/2020 10:37,1610004496,
1510094033,05/02/2020 10:37,05/02/2020,05/02/2020 10:37,1510094033,
1610034769,05/02/2020 10:38,05/02/2020,05/02/2020 10:38,1610034769,
1510126435,05/02/2020 10:38,05/02/2020,05/02/2020 10:38,1510126435,
1510128329,05/02/2020 10:38,05/02/2020,05/02/2020 10:38,1510128329,
1510069251,05/02/2020 10:38,05/02/2020,05/02/2020 10:38,1510069251,
1512298608,05/02/2020 10:38,05/02/2020,05/02/2020 10:38,1512298608,
1810006156,05/02/2020 10:38,05/02/2020,05/02/2020 10:38,1810006156,
1512296070,05/02/2020 10:38,05/02/2020,05/02/2020 10:38,1512296070,
1610032410,05/02/2020 10:39,05/02/2020,05/02/2020 10:39,1610032410,
1812066014,05/02/2020 10:39,05/02/2020,05/02/2020 10:39,1812066014,
1510148602,05/02/2020 10:41,05/02/2020,05/02/2020 10:41,1510148602,
1810008601,05/02/2020 10:41,05/02/2020,05/02/2020 10:41,1810008601,
1810013453,05/02/2020 10:41,05/02/2020,05/02/2020 10:41,1810013453,
1510159504,05/02/2020 10:41,05/02/2020,05/02/2020 10:41,1510159504,
1811067905,05/02/2020 10:41,05/02/2020,05/02/2020 10:41,1811067905,
1510023530,05/02/2020 10:42,05/02/2020,05/02/2020 10:42,1510023530,
1610020636,05/02/2020 10:42,05/02/2020,05/02/2020 10:42,1610020636,
1610020689,05/02/2020 10:42,05/02/2020,05/02/2020 10:42,1610020689,
1810024486,05/02/2020 10:42,05/02/2020,05/02/2020 10:42,1810024486,
1512394331,05/02/2020 10:42,05/02/2020,05/02/2020 10:42,1512394331,
1510167926,05/02/2020 10:42,05/02/2020,05/02/2020 10:42,1510167926,
1510187759,05/02/2020 10:42,05/02/2020,05/02/2020 10:42,1510187759,
1610075922,05/02/2020 10:42,05/02/2020,05/02/2020 10:42,1610075922,
1510167907,05/02/2020 10:43,05/02/2020,05/02/2020 10:43,1510167907,
1610075549,05/02/2020 10:43,05/02/2020,05/02/2020 10:43,1610075549,
1510152607,05/02/2020 10:43,05/02/2020,05/02/2020 10:43,1510152607,
1510152573,05/02/2020 10:43,05/02/2020,05/02/2020 10:43,1510152573,
1610011433,05/02/2020 10:44,05/02/2020,05/02/2020 10:44,1610011433,
1910028747,05/02/2020 10:44,05/02/2020,05/02/2020 10:44,1910028747,
1510167913,05/02/2020 10:44,05/02/2020,05/02/2020 10:44,1510167913,
1510069297,05/02/2020 10:44,05/02/2020,05/02/2020 10:44,1510069297,
1510167242,05/02/2020 10:44,05/02/2020,05/02/2020 10:44,1510167242,
1610067510,05/02/2020 10:45,05/02/2020,05/02/2020 10:45,1610067510,
1610068004,05/02/2020 10:45,05/02/2020,05/02/2020 10:45,1610068004,
1510129842,05/02/2020 10:45,05/02/2020,05/02/2020 10:45,1510129842,
1610033828,05/02/2020 10:46,05/02/2020,05/02/2020 10:46,1610033828,
1510144720,05/02/2020 10:46,05/02/2020,05/02/2020 10:46,1510144720,
1510123261,05/02/2020 10:46,05/02/2020,05/02/2020 10:46,1510123261,
1610033377,05/02/2020 10:46,05/02/2020,05/02/2020 10:46,1610033377,
1610049821,05/02/2020 10:46,05/02/2020,05/02/2020 10:46,1610049821,
1510150107,05/02/2020 12:06,05/02/2020,05/02/2020 12:06,1510150107,
1510138456,05/02/2020 12:07,05/02/2020,05/02/2020 12:07,1510138456,
1510141352,05/02/2020 12:08,05/02/2020,05/02/2020 12:08,1510141352,
1510143579,05/02/2020 12:08,05/02/2020,05/02/2020 12:08,1510143579,
1510140611,05/02/2020 12:08,05/02/2020,05/02/2020 12:08,1510140611,
1910027039,05/02/2020 12:08,05/02/2020,05/02/2020 12:08,1910027039,
